epoch,step,train_kl,train_loss,train_recon_loss,val_kl,val_loss,val_recon_loss
0,49,7.610528427903773e-06,0.025679174810647964,0.025671564042568207,,,
0,99,8.963282198237721e-06,0.020259041339159012,0.020250078290700912,,,
0,149,1.1434655789344106e-05,0.01662163808941841,0.016610203310847282,,,
0,199,1.4823079254711047e-05,0.01208597980439663,0.01207115687429905,,,
0,249,1.8575232388684526e-05,0.010915116406977177,0.010896541178226471,,,
0,299,2.189894439652562e-05,0.009332848712801933,0.009310949593782425,,,
0,323,,,,2.411614332231693e-05,0.0091673843562603,0.009143268689513206
1,349,2.4782088075880893e-05,0.0079434122890234,0.007918629795312881,,,
1,399,2.7564983611227944e-05,0.00805648323148489,0.008028917945921421,,,
1,449,2.999082425958477e-05,0.007627358194440603,0.007597367279231548,,,
1,499,3.21662773785647e-05,0.007209722883999348,0.007177556399255991,,,
1,549,3.45643020409625e-05,0.006232784129679203,0.006198219954967499,,,
1,599,3.6095701943850145e-05,0.0067444718442857265,0.006708376109600067,,,
1,647,,,,3.848782216664404e-05,0.006074625067412853,0.006036138162016869
2,649,3.787400055443868e-05,0.0063003720715641975,0.00626249797642231,,,
2,699,3.9640577597310767e-05,0.005927367601543665,0.005887727253139019,,,
2,749,4.1161601984640583e-05,0.0057877060025930405,0.00574654433876276,,,
2,799,4.2414740164531395e-05,0.0057263304479420185,0.005683915689587593,,,
2,849,4.429097316460684e-05,0.005203058011829853,0.005158767104148865,,,
2,899,4.555634950520471e-05,0.005261782556772232,0.005216225981712341,,,
2,949,4.675093441619538e-05,0.005400234367698431,0.005353483371436596,,,
2,971,,,,4.757389979204163e-05,0.0050733801908791065,0.005025806836783886
3,999,4.772664397023618e-05,0.004862393252551556,0.004814666695892811,,,
3,1049,4.892369543085806e-05,0.0046421242877841,0.004593200515955687,,,
3,1099,5.004527702112682e-05,0.004828002769500017,0.004777957685291767,,,
3,1149,5.1051483751507476e-05,0.004372911993414164,0.0043218606151640415,,,
3,1199,5.188000432099216e-05,0.004864491056650877,0.0048126112669706345,,,
3,1249,5.3156963986111805e-05,0.004348949529230595,0.004295792430639267,,,
3,1295,,,,5.3864259825786576e-05,0.004473456647247076,0.004419592209160328
4,1299,5.3928295528749004e-05,0.004915731959044933,0.004861803725361824,,,
4,1349,5.4780284699518234e-05,0.004604374058544636,0.004549593664705753,,,
4,1399,5.591248191194609e-05,0.004153490997850895,0.004097578581422567,,,
4,1449,5.629544102703221e-05,0.004225976765155792,0.00416968110948801,,,
4,1499,5.730172051698901e-05,0.0042351242154836655,0.004177822265774012,,,
4,1549,5.8147907111560926e-05,0.003971833270043135,0.003913685213774443,,,
4,1599,5.903167766518891e-05,0.004249843303114176,0.004190811421722174,,,
4,1619,,,,5.936994421062991e-05,0.004162213299423456,0.004102842882275581
5,1649,5.986770702293143e-05,0.0037716508377343416,0.003711783094331622,,,
5,1699,6.033443787600845e-05,0.003894244786351919,0.0038339104503393173,,,
5,1749,6.124749052105471e-05,0.0038290333468466997,0.0037677858490496874,,,
5,1799,6.154833681648597e-05,0.0038732504472136497,0.0038117021322250366,,,
5,1849,6.257462518988177e-05,0.00360283930785954,0.0035402646753937006,,,
5,1899,6.330184260150418e-05,0.003708701580762863,0.0036453998181968927,,,
5,1943,,,,6.423605373129249e-05,0.0037520797923207283,0.0036878434475511312
6,1949,6.385781307471916e-05,0.0039613619446754456,0.003897503949701786,,,
6,1999,6.455062248278409e-05,0.003624489763751626,0.0035599390976130962,,,
6,2049,6.501609459519386e-05,0.0037159898784011602,0.0036509737838059664,,,
6,2099,6.580989429494366e-05,0.0035603358410298824,0.0034945260267704725,,,
6,2149,6.626857066294178e-05,0.003692442551255226,0.003626174060627818,,,
6,2199,6.722503894707188e-05,0.00313414609991014,0.003066921140998602,,,
6,2249,6.697017670376226e-05,0.004001633729785681,0.003934663720428944,,,
6,2267,,,,6.862227019155398e-05,0.0033284013625234365,0.003259778954088688
7,2299,6.818326801294461e-05,0.00322054629214108,0.0031523630023002625,,,
7,2349,6.823064177297056e-05,0.004252047277987003,0.004183816723525524,,,
7,2399,6.874825339764357e-05,0.0032082190737128258,0.003139470936730504,,,
7,2449,6.970332469791174e-05,0.0031896461732685566,0.0031199429649859667,,,
7,2499,7.050720159895718e-05,0.00340866157785058,0.0033381544053554535,,,
7,2549,7.054786692606285e-05,0.003111569443717599,0.0030410215258598328,,,
7,2591,,,,7.192174962256104e-05,0.0031091764103621244,0.003037254558876157
8,2599,7.152288890210912e-05,0.0032518054358661175,0.0031802826561033726,,,
8,2649,7.185521826613694e-05,0.0033383734989911318,0.003266518237069249,,,
8,2699,7.191355689428747e-05,0.003135498147457838,0.003063584677875042,,,
8,2749,7.274185918504372e-05,0.003164485562592745,0.0030917436815798283,,,
8,2799,7.305803592316806e-05,0.0028808536008000374,0.002807795535773039,,,
8,2849,7.270816422533244e-05,0.0030097938142716885,0.0029370856937021017,,,
8,2899,7.379244198091328e-05,0.0027909991331398487,0.002717206720262766,,,
8,2915,,,,7.482071669073775e-05,0.0030583059415221214,0.002983484650030732
9,2949,7.457868923665956e-05,0.002820993075147271,0.002746414393186569,,,
9,2999,7.460120104951784e-05,0.0030148460064083338,0.0029402447398751974,,,
9,3049,7.563039980595931e-05,0.0028441231697797775,0.002768492791801691,,,
9,3099,7.532246672781184e-05,0.0030463142320513725,0.0029709916561841965,,,
9,3149,7.633009226992726e-05,0.0029252914246171713,0.002848961390554905,,,
9,3199,7.614459173055366e-05,0.002869923133403063,0.002793778432533145,,,
9,3239,,,,7.67071614973247e-05,0.002827112562954426,0.0027504058089107275
10,3249,7.612791523570195e-05,0.002751154126599431,0.0026750261895358562,,,
10,3299,7.7376353146974e-05,0.0033072656951844692,0.0032298893202096224,,,
10,3349,7.774566620355472e-05,0.002652454189956188,0.0025747085455805063,,,
10,3399,7.784613262629136e-05,0.002621397841721773,0.002543551614508033,,,
10,3449,7.790327072143555e-05,0.0029511244501918554,0.00287322117947042,,,
10,3499,7.828597154002637e-05,0.00268867751583457,0.0026103914715349674,,,
10,3549,7.873938011471182e-05,0.002598651684820652,0.0025199123192578554,,,
10,3563,,,,7.874611037550494e-05,0.002794860862195492,0.0027161145117133856
11,3599,7.889974222052842e-05,0.0031426812056452036,0.0030637814197689295,,,
11,3649,7.883796206442639e-05,0.0027870528865605593,0.002708215033635497,,,
11,3699,7.977223140187562e-05,0.0027673051226884127,0.0026875329203903675,,,
11,3749,8.04581941338256e-05,0.0031357514671981335,0.003055293345823884,,,
11,3799,8.025250281207263e-05,0.002465849509462714,0.002385596977546811,,,
11,3849,8.097124373307452e-05,0.002743000164628029,0.0026620288845151663,,,
11,3887,,,,8.14180020825006e-05,0.002627680078148842,0.0025462612975388765
12,3899,8.060380059760064e-05,0.0027726716361939907,0.002692067762836814,,,
12,3949,8.105304732453078e-05,0.002596419071778655,0.00251536606810987,,,
12,3999,8.170883666025475e-05,0.0025528299156576395,0.0024711210280656815,,,
12,4049,8.193809480872005e-05,0.0026094967033714056,0.002527558710426092,,,
12,4099,8.12458893051371e-05,0.002643993590027094,0.0025627478025853634,,,
12,4149,8.183941099559888e-05,0.002478725975379348,0.0023968864697963,,,
12,4199,8.21672219899483e-05,0.0024671368300914764,0.002384969498962164,,,
12,4211,,,,8.259175228886306e-05,0.0025402100291103125,0.0024576180148869753
13,4249,8.222302130889148e-05,0.0025239898823201656,0.00244176690466702,,,
13,4299,8.258413436124101e-05,0.0024154565762728453,0.0023328724782913923,,,
13,4349,8.272440754808486e-05,0.002449618186801672,0.0023668936919420958,,,
13,4399,8.328867261298001e-05,0.0024499811697751284,0.002366692526265979,,,
13,4449,8.373010496143252e-05,0.0024083612952381372,0.00232463120482862,,,
13,4499,8.361956861335784e-05,0.0022642745170742273,0.0021806550212204456,,,
13,4535,,,,8.33177036838606e-05,0.0024136328138411045,0.002330315299332142
14,4549,8.373026503250003e-05,0.0023544305004179478,0.002270700177177787,,,
14,4599,8.33984449855052e-05,0.0024383694399148226,0.0023549709003418684,,,
14,4649,8.385677938349545e-05,0.0025027994997799397,0.0024189427495002747,,,
14,4699,8.427364809904248e-05,0.0022815342526882887,0.0021972605027258396,,,
14,4749,8.386876288568601e-05,0.0022157588973641396,0.0021318900398910046,,,
14,4799,8.371754665859044e-05,0.0024401159025728703,0.0023563983850181103,,,
14,4849,8.544172305846587e-05,0.002215374493971467,0.00212993286550045,,,
14,4859,,,,8.572420483687893e-05,0.002340027131140232,0.002254302380606532
15,4899,8.490536856697872e-05,0.0022983388043940067,0.0022134333848953247,,,
15,4949,8.44920432427898e-05,0.0022565489634871483,0.002172056818380952,,,
15,4999,8.462424739263952e-05,0.0024083612952381372,0.002323737135156989,,,
15,5049,8.457216608803719e-05,0.002332608914002776,0.002248036675155163,,,
15,5099,8.589044591644779e-05,0.0021941903978586197,0.002108299871906638,,,
15,5149,8.637439896119758e-05,0.002383620711043477,0.0022972463630139828,,,
15,5183,,,,8.780502685112879e-05,0.0024549372028559446,0.0023671318776905537
16,5199,8.516489469911903e-05,0.002312347060069442,0.0022271822672337294,,,
16,5249,8.55613689054735e-05,0.0030815540812909603,0.0029959927778691053,,,
16,5299,8.541023271391168e-05,0.0025833549443632364,0.002497944748029113,,,
16,5349,8.467397856293246e-05,0.0024510137736797333,0.002366339787840843,,,
16,5399,8.627944771433249e-05,0.0021315058693289757,0.002045226516202092,,,
16,5449,8.518259710399434e-05,0.0023516265209764242,0.002266444033011794,,,
16,5499,8.642875764053315e-05,0.0023060154635459185,0.002219586633145809,,,
16,5507,,,,8.628483192296699e-05,0.0022402212489396334,0.002153935842216015
17,5549,8.60466607264243e-05,0.002258758991956711,0.0021727122366428375,,,
17,5599,8.602053276263177e-05,0.002375703537836671,0.0022896830923855305,,,
17,5649,8.622140012448654e-05,0.0022893997374922037,0.00220317835919559,,,
17,5699,8.687690569786355e-05,0.00220993859693408,0.002123061800375581,,,
17,5749,8.744434308027849e-05,0.0021221248898655176,0.00203468045219779,,,
17,5799,8.73852550284937e-05,0.002348589478060603,0.0022612041793763638,,,
17,5831,,,,8.610173244960606e-05,0.0021997427102178335,0.0021136405412107706
18,5849,8.731545676710084e-05,0.00213878252543509,0.002051467075943947,,,
18,5899,8.642772445455194e-05,0.0020505182910710573,0.0019640906248241663,,,
18,5949,8.644517947686836e-05,0.0020662464667111635,0.0019798013381659985,,,
18,5999,8.799195347819477e-05,0.002083919709548354,0.0019959276542067528,,,
18,6049,8.824736141832545e-05,0.0020394024904817343,0.0019511550199240446,,,
18,6099,8.782210352364928e-05,0.0021559579763561487,0.0020681358873844147,,,
18,6149,8.731535490369424e-05,0.0021182051859796047,0.0020308897364884615,,,
18,6155,,,,9.011835209093988e-05,0.0021499590948224068,0.0020598405972123146
19,6199,8.745829836698249e-05,0.0020662189926952124,0.0019787605851888657,,,
19,6249,8.767400868237019e-05,0.001957485917955637,0.0018698119092732668,,,
19,6299,8.758535113884136e-05,0.002418490359559655,0.002330905059352517,,,
19,6349,8.745882951188833e-05,0.0020458134822547436,0.0019583546090871096,,,
19,6399,8.841152157401666e-05,0.002099033445119858,0.002010621828958392,,,
19,6449,8.819429785944521e-05,0.002305332338437438,0.0022171379532665014,,,
19,6479,,,,8.756125316722319e-05,0.0020777001045644283,0.0019901387859135866
20,6499,8.738277392694727e-05,0.0020745201036334038,0.0019871373660862446,,,
20,6549,8.787679689703509e-05,0.00223040534183383,0.002142528537660837,,,
20,6599,8.877728396328166e-05,0.0018766068387776613,0.0017878295620903373,,,
20,6649,8.782920485828072e-05,0.0018545292550697923,0.0017667000647634268,,,
20,6699,8.880258974386379e-05,0.0021434747613966465,0.002054672222584486,,,
20,6749,8.856927161104977e-05,0.001988380216062069,0.0018998108571395278,,,
20,6799,8.888842421583831e-05,0.0018667900003492832,0.0017779015470296144,,,
20,6803,,,,8.950640767579898e-05,0.001998147228732705,0.001908640842884779
21,6849,8.894942584447563e-05,0.002062131417915225,0.001973181962966919,,,
21,6899,8.847060962580144e-05,0.0021347077563405037,0.0020462372340261936,,,
21,6949,8.916428487282246e-05,0.002372113987803459,0.0022829496301710606,,,
21,6999,8.954042277764529e-05,0.0020047868601977825,0.001915246481075883,,,
21,7049,8.955834346124902e-05,0.002363404957577586,0.0022738466504961252,,,
21,7099,8.902642730390653e-05,0.0019335547694936395,0.0018445283640176058,,,
21,7127,,,,8.83312604855746e-05,0.0019406493520364165,0.0018523180624470115
22,7149,8.90045557753183e-05,0.001954759703949094,0.0018657551845535636,,,
22,7199,9.041506564244628e-05,0.0017833337187767029,0.0016929185949265957,,,
22,7249,8.842807437758893e-05,0.002215409418568015,0.00212698127143085,,,
22,7299,9.006613254314288e-05,0.001682132133282721,0.001592066022567451,,,
22,7349,9.011910151457414e-05,0.0017515977378934622,0.0016614786582067609,,,
22,7399,9.00331579032354e-05,0.0019922854844480753,0.001902252435684204,,,
22,7449,8.887401054380462e-05,0.0019868123345077038,0.0018979383166879416,,,
22,7451,,,,9.101339674089104e-05,0.0019197965739294887,0.0018287829589098692
23,7499,8.93246615305543e-05,0.0018189535476267338,0.0017296288860961795,,,
23,7549,9.164318908005953e-05,0.0017121759010478854,0.0016205327119678259,,,
23,7599,8.98364232853055e-05,0.0019129137508571148,0.0018230773275718093,,,
23,7649,9.130955004366115e-05,0.0019654417410492897,0.0018741320818662643,,,
23,7699,8.989794150693342e-05,0.0018246360123157501,0.00173473812174052,,,
23,7749,8.965200686361641e-05,0.0021364938002079725,0.0020468418952077627,,,
23,7775,,,,8.846334094414487e-05,0.0019422819605097175,0.0018538187723606825
24,7799,9.046479681273922e-05,0.0018653752049431205,0.0017749103717505932,,,
24,7849,9.072818647837266e-05,0.0019978859927505255,0.0019071577116847038,,,
24,7899,8.972863724920899e-05,0.001876741531305015,0.0017870129086077213,,,
24,7949,8.905682625481859e-05,0.002020792802795768,0.0019317360129207373,,,
24,7999,9.104576747631654e-05,0.0018552341498434544,0.0017641884041950107,,,
24,8049,8.99897058843635e-05,0.0019599306397140026,0.001869940897449851,,,
24,8099,9.096816211240366e-05,0.0026936596259474754,0.0026026915293186903,,,
24,8099,,,,9.153868450084701e-05,0.0018272952875122428,0.0017357566393911839
25,8149,9.079926530830562e-05,0.0017439620569348335,0.0016531627625226974,,,
25,8199,9.088007209356874e-05,0.0019107531988993287,0.0018198731122538447,,,
25,8249,9.243176464224234e-05,0.001808913191780448,0.0017164814053103328,,,
25,8299,9.088171645998955e-05,0.0017708918312564492,0.0016800101147964597,,,
25,8349,9.159586625173688e-05,0.0017572194337844849,0.001665623625740409,,,
25,8399,9.178763866657391e-05,0.0020250023808330297,0.001933214720338583,,,
25,8423,,,,9.242342639481649e-05,0.0017660347511991858,0.001673611463047564
26,8449,9.228529961546883e-05,0.0019107811385765672,0.0018184958025813103,,,
26,8499,9.191494609694928e-05,0.0020460060331970453,0.00195409101434052,,,
26,8549,9.161822526948527e-05,0.0016679302789270878,0.0015763120027258992,,,
26,8599,8.94415206857957e-05,0.0019273200305178761,0.0018378784880042076,,,
26,8649,9.194181620841846e-05,0.0018594209104776382,0.0017674791160970926,,,
26,8699,9.075627895072103e-05,0.0017674085684120655,0.0016766523476690054,,,
26,8747,,,,9.445145406061783e-05,0.001785455970093608,0.0016910048434510827
27,8749,9.257408237317577e-05,0.0019116282928735018,0.001819054246880114,,,
27,8799,9.13747790036723e-05,0.0017384056700393558,0.0016470309346914291,,,
27,8849,9.263864922104403e-05,0.0021457343827933073,0.0020530957262963057,,,
27,8899,9.297644282924011e-05,0.0016386458883062005,0.001545669394545257,,,
27,8949,9.241236693924293e-05,0.0016930460697039962,0.001600633724592626,,,
27,8999,9.156044689007103e-05,0.0016805363120511174,0.0015889758942648768,,,
27,9049,9.247598063666373e-05,0.0017364323139190674,0.001643956289626658,,,
27,9071,,,,9.293831681134179e-05,0.0017452675383538008,0.0016523293452337384
28,9099,9.280168160330504e-05,0.0018396878149360418,0.0017468861769884825,,,
28,9149,9.302354737883434e-05,0.001675429637543857,0.0015824061119928956,,,
28,9199,9.231116564478725e-05,0.0017729238606989384,0.0016806126805022359,,,
28,9249,9.308262087870389e-05,0.0017934805946424603,0.0017003979301080108,,,
28,9299,9.190481068799272e-05,0.0019141838420182467,0.001822279067710042,,,
28,9349,9.322919504484162e-05,0.0019678061362355947,0.0018745770212262869,,,
28,9395,,,,8.981592691270635e-05,0.0017537819221615791,0.0016639656387269497
29,9399,9.335598588222638e-05,0.0018226761603727937,0.0017293201526626945,,,
29,9449,9.291567403124645e-05,0.0017052215989679098,0.00161230587400496,,,
29,9499,9.406210301676765e-05,0.0017700333846732974,0.0016759713180363178,,,
29,9549,9.214512101607397e-05,0.0019458821043372154,0.0018537369323894382,,,
29,9599,9.206802496919408e-05,0.0017234088154509664,0.0016313408268615603,,,
29,9649,9.158832108369097e-05,0.0016881723422557116,0.0015965839847922325,,,
29,9699,9.162120841210708e-05,0.002072906354442239,0.0019812851678580046,,,
29,9719,,,,9.262682578992099e-05,0.0016656233929097652,0.0015729968436062336
30,9749,9.489103103987873e-05,0.001702968031167984,0.0016080769710242748,,,
30,9799,9.254655742552131e-05,0.0016401842003688216,0.001547637628391385,,,
30,9849,9.314774797530845e-05,0.0016340825241059065,0.0015409347834065557,,,
30,9899,9.33440460357815e-05,0.0015890910290181637,0.0014957470120862126,,,
30,9949,9.268290887121111e-05,0.0016043384093791246,0.0015116555150598288,,,
30,9999,9.352474444312975e-05,0.0016746039036661386,0.0015810792101547122,,,
30,10043,,,,9.304830018663779e-05,0.0016225238796323538,0.0015294754412025213
31,10049,9.281596430810168e-05,0.001577884191647172,0.001485068234615028,,,
31,10099,9.132165723713115e-05,0.0019501085625961423,0.0018587869126349688,,,
31,10149,9.351961489301175e-05,0.0016062536742538214,0.0015127341030165553,,,
31,10199,9.248816058970988e-05,0.0017023904947564006,0.0016099023632705212,,,
31,10249,9.490078082308173e-05,0.001609588973224163,0.0015146881341934204,,,
31,10299,9.217531624017283e-05,0.0015395879745483398,0.0014474126510322094,,,
31,10349,9.307140135206282e-05,0.0016997269121930003,0.001606655539944768,,,
31,10367,,,,9.449629578739405e-05,0.0016439685132354498,0.0015494722174480557
32,10399,9.196456812787801e-05,0.0019232318736612797,0.001831267261877656,,,
32,10449,9.34781419346109e-05,0.0016163162654265761,0.0015228381380438805,,,
32,10499,9.402327850693837e-05,0.0016506254905834794,0.0015566021902486682,,,
32,10549,9.346672595711425e-05,0.001851052395068109,0.0017575856763869524,,,
32,10599,9.252078598365188e-05,0.001467360183596611,0.0013748393394052982,,,
32,10649,9.474711259827018e-05,0.0015449540223926306,0.0014502068515866995,,,
32,10691,,,,9.576172305969521e-05,0.0015662164660170674,0.0014704546192660928
33,10699,9.432464867131785e-05,0.0017423961544409394,0.0016480714548379183,,,
33,10749,9.301225509261712e-05,0.001564761740155518,0.0014717495068907738,,,
33,10799,9.357940871268511e-05,0.0015102230245247483,0.0014166436158120632,,,
33,10849,9.315309580415487e-05,0.0016199302626773715,0.0015267771668732166,,,
33,10899,9.34305862756446e-05,0.001484440639615059,0.0013910100096836686,,,
33,10949,9.310140740126371e-05,0.001510246773250401,0.0014171453658491373,,,
33,10999,9.382278949487954e-05,0.0016556463669985533,0.001561823533847928,,,
33,11015,,,,9.332509216619655e-05,0.0018285292899236083,0.0017352040158584714
34,11049,9.339354437543079e-05,0.001606465084478259,0.0015130715910345316,,,
34,11099,9.315385977970436e-05,0.0015680197393521667,0.001474865828640759,,,
34,11149,9.304000559495762e-05,0.0015195433516055346,0.0014265032950788736,,,
34,11199,9.181325731333345e-05,0.0018086873460561037,0.001716874074190855,,,
34,11249,9.427603799849749e-05,0.00157099065836519,0.0014767146203666925,,,
34,11299,9.365369623992592e-05,0.0019136711489409208,0.0018200174672529101,,,
34,11339,,,,9.424180461792275e-05,0.0015635190065950155,0.0014692770782858133
35,11349,9.442340524401516e-05,0.0016069768462330103,0.00151255342643708,,,
35,11399,9.308747394243255e-05,0.0014410654548555613,0.0013479780172929168,,,
35,11449,9.431385842617601e-05,0.0014879719819873571,0.001393658109009266,,,
35,11499,9.506642527412623e-05,0.0014965947484597564,0.0014015283668413758,,,
35,11549,9.640050120651722e-05,0.0017000307561829686,0.0016036302549764514,,,
35,11599,9.347315062768757e-05,0.001775979297235608,0.001682506175711751,,,
35,11649,9.445161413168535e-05,0.0015561372274532914,0.001461685635149479,,,
35,11663,,,,9.230984142050147e-05,0.0015069253277033567,0.0014146150788292289
36,11699,9.357368253404275e-05,0.0015224675880745053,0.0014288938837125897,,,
36,11749,9.365832374896854e-05,0.0014310688711702824,0.0013374105328693986,,,
36,11799,9.455385588807985e-05,0.001905458397231996,0.0018109045922756195,,,
36,11849,9.61466139415279e-05,0.001435288111679256,0.0013391415122896433,,,
36,11899,9.693849278846756e-05,0.001477243728004396,0.0013803052715957165,,,
36,11949,9.46727886912413e-05,0.00138381018768996,0.0012891374062746763,,,
36,11987,,,,9.277910430682823e-05,0.0015195971354842186,0.0014268179656937718
37,11999,9.503951878286898e-05,0.0015438192058354616,0.001448779716156423,,,
37,12049,9.281388338422403e-05,0.0014581240247935057,0.0013653101632371545,,,
37,12099,9.477663115831092e-05,0.0015090788947418332,0.00141430227085948,,,
37,12149,9.374460205435753e-05,0.001377458916977048,0.0012837143149226904,,,
37,12199,9.415550448466092e-05,0.0018457071855664253,0.0017515516374260187,,,
37,12249,9.646537364460528e-05,0.00149879592936486,0.0014023305848240852,,,
37,12299,9.610939741833135e-05,0.0014519979013130069,0.0013558885548263788,,,
37,12311,,,,9.56872318056412e-05,0.0015251321019604802,0.0014294448774307966
38,12349,9.444605530006811e-05,0.001456375583074987,0.0013619295787066221,,,
38,12399,9.436339314561337e-05,0.0014975907979533076,0.00140322744846344,,,
38,12449,9.519667219137773e-05,0.001380993751809001,0.001285797101445496,,,
38,12499,9.487500210525468e-05,0.0014938163803890347,0.0013989413855597377,,,
38,12549,9.353142377221957e-05,0.001534735201857984,0.0014412037562578917,,,
38,12599,9.407535253558308e-05,0.0014587326440960169,0.001364657306112349,,,
38,12635,,,,9.617049363441765e-05,0.00148853100836277,0.0013923607766628265
39,12649,9.36337310122326e-05,0.0014768154360353947,0.0013831816613674164,,,
39,12699,9.409792255610228e-05,0.0014133797958493233,0.001319281873293221,,,
39,12749,9.601370402378961e-05,0.001492890645749867,0.0013968769926577806,,,
39,12799,9.382899588672444e-05,0.0014802411897107959,0.0013864121865481138,,,
39,12849,9.577839955454692e-05,0.0014045370044186711,0.001308758626691997,,,
39,12899,9.625471284380183e-05,0.0016598852816969156,0.0015636305324733257,,,
39,12949,9.515127021586522e-05,0.0013229312608018517,0.0012277800124138594,,,
39,12959,,,,9.351145126856863e-05,0.0015205310191959143,0.0014270193642005324
40,12999,9.50523026403971e-05,0.0015729620354250073,0.0014779097400605679,,,
40,13049,9.463378955842927e-05,0.0013432650594040751,0.0012486312771216035,,,
40,13099,9.469000360695645e-05,0.0014240386663004756,0.0013293486554175615,,,
40,13149,9.368956671096385e-05,0.00152209447696805,0.0014284049393609166,,,
40,13199,9.57115480559878e-05,0.0015607468085363507,0.0014650352532044053,,,
40,13249,9.789372415980324e-05,0.0015104669146239758,0.0014125731540843844,,,
40,13283,,,,9.488184878136963e-05,0.0014023258117958903,0.0013074437156319618
41,13299,9.45001738728024e-05,0.0014717279700562358,0.0013772278325632215,,,
41,13349,9.585745283402503e-05,0.0013697660760954022,0.0012739086523652077,,,
41,13399,9.588264219928533e-05,0.0013245193986222148,0.0012286367127671838,,,
41,13449,9.507905633654445e-05,0.0013454603031277657,0.001250381232239306,,,
41,13499,9.55249706748873e-05,0.001342008588835597,0.0012464836472645402,,,
41,13549,9.626571409171447e-05,0.0014175433898344636,0.001321277697570622,,,
41,13599,9.519354352960363e-05,0.0014281447511166334,0.0013329512439668179,,,
41,13607,,,,9.291642345488071e-05,0.001438946695998311,0.0013460303889587522
42,13649,9.512250107945874e-05,0.001367831602692604,0.001272709108889103,,,
42,13699,9.427151962881908e-05,0.0013527475530281663,0.00125847605522722,,,
42,13749,9.553160634823143e-05,0.0013337080599740148,0.0012381764827296138,,,
42,13799,9.389746264787391e-05,0.001474873162806034,0.0013809757074341178,,,
42,13849,9.48200176935643e-05,0.001391888246871531,0.0012970682000741363,,,
42,13899,9.691195737104863e-05,0.0013761945301666856,0.0012792826164513826,,,
42,13931,,,,9.580534242559224e-05,0.0013982236851006746,0.0013024186482653022
43,13949,9.565313666826114e-05,0.0013688281178474426,0.0012731750030070543,,,
43,13999,9.637686162022874e-05,0.0013582843821495771,0.0012619075132533908,,,
43,14049,9.752689220476896e-05,0.0013595244381576777,0.001261997502297163,,,
43,14099,9.572064300300553e-05,0.0013720145216211677,0.0012762938858941197,,,
43,14149,9.623634832678363e-05,0.001337558263912797,0.0012413219083100557,,,
43,14199,9.557110024616122e-05,0.0014310255646705627,0.0013354545226320624,,,
43,14249,9.650974243413657e-05,0.0013522244989871979,0.001255714800208807,,,
43,14255,,,,9.44518978940323e-05,0.0013852849369868636,0.0012908328790217638
44,14299,9.527996007818729e-05,0.0013704942539334297,0.0012752142501994967,,,
44,14349,9.730867895996198e-05,0.0013618129305541515,0.0012645042734220624,,,
44,14399,9.545457578497007e-05,0.0015044922474771738,0.0014090376207605004,,,
44,14449,9.571501868776977e-05,0.0014029300073161721,0.001307214959524572,,,
44,14499,9.516743739368394e-05,0.0017980365082621574,0.0017028690781444311,,,
44,14549,9.393033542437479e-05,0.0013132360763847828,0.0012193057918921113,,,
44,14579,,,,9.713566396385431e-05,0.0014366281684488058,0.001339492853730917
45,14599,9.53481940086931e-05,0.0015629517147317529,0.0014676034916192293,,,
45,14649,9.590472473064438e-05,0.0013969590654596686,0.0013010543771088123,,,
45,14699,9.525829227641225e-05,0.001503627747297287,0.0014083695132285357,,,
45,14749,9.610864071873948e-05,0.0015289359726011753,0.0014328273246064782,,,
45,14799,9.486338240094483e-05,0.001417659455910325,0.0013227961026132107,,,
45,14849,9.656961628934368e-05,0.0012425953755155206,0.0011460257228463888,,,
45,14899,9.283160034101456e-05,0.001360365655273199,0.0012675340985879302,,,
45,14903,,,,9.544876957079396e-05,0.001337228575721383,0.001241779769770801
46,14949,9.625305392546579e-05,0.0012926760828122497,0.0011964230798184872,,,
46,14999,9.549005335429683e-05,0.001322306809015572,0.0012268167920410633,,,
46,15049,9.57991142058745e-05,0.0012570592807605863,0.001161260181106627,,,
46,15099,9.717181819723919e-05,0.0014785780804231763,0.0013814062112942338,,,
46,15149,9.463758760830387e-05,0.001273161033168435,0.0011785234091803432,,,
46,15199,9.481228335062042e-05,0.0015499352011829615,0.0014551229542121291,,,
46,15227,,,,9.508259972790256e-05,0.0014602020382881165,0.0013651192421093583
47,15249,9.7439500677865e-05,0.0015528379008173943,0.0014553983928635716,,,
47,15299,9.593130380380899e-05,0.0012862231815233827,0.001190291834063828,,,
47,15349,9.583660721546039e-05,0.0017888485454022884,0.0016930119600147009,,,
47,15399,9.745224815560505e-05,0.0013335035182535648,0.001236051321029663,,,
47,15449,9.626243991078809e-05,0.0012568063102662563,0.0011605438776314259,,,
47,15499,9.678399510448799e-05,0.0012710446026176214,0.0011742606293410063,,,
47,15549,9.608746040612459e-05,0.0014104043366387486,0.001314316876232624,,,
47,15551,,,,9.543952910462394e-05,0.00139617791865021,0.001300738425925374
48,15599,9.331899491371587e-05,0.0012974507408216596,0.0012041317531839013,,,
48,15649,9.54124188865535e-05,0.0013214009813964367,0.0012259886134415865,,,
48,15699,9.675025648903102e-05,0.001251440611667931,0.0011546903988346457,,,
48,15749,9.677631896920502e-05,0.0012267512502148747,0.0011299749603495002,,,
48,15799,9.655855683377013e-05,0.0013683290453627706,0.0012717704521492124,,,
48,15849,9.646297985455021e-05,0.001274779555387795,0.0011783165391534567,,,
48,15875,,,,9.666802361607552e-05,0.0012964599300175905,0.001199791906401515
49,15899,9.395330562256277e-05,0.0015682915691286325,0.0014743382344022393,,,
49,15949,9.649205458117649e-05,0.0012457758421078324,0.0011492838384583592,,,
49,15999,9.863694140221924e-05,0.0013556124176830053,0.0012569754617288709,,,
49,16049,9.565761865815148e-05,0.001291946624405682,0.0011962889693677425,,,
49,16099,9.559089812682942e-05,0.0012649523559957743,0.0011693614069372416,,,
49,16149,9.667236736277118e-05,0.001317952061071992,0.0012212797300890088,,,
49,16199,9.690626757219434e-05,0.0016630638856440783,0.001566157559864223,,,
49,16199,,,,9.59786048042588e-05,0.0012643277877941728,0.0011683494085446
50,16249,9.521269385004416e-05,0.0015034009702503681,0.0014081882545724511,,,
50,16299,9.656271868152544e-05,0.0012585371732711792,0.001161974505521357,,,
50,16349,9.600650810170919e-05,0.001239884877577424,0.0011438783258199692,,,
50,16399,9.752552432473749e-05,0.0012917154235765338,0.001194189884699881,,,
50,16449,9.669619612395763e-05,0.0012452868977561593,0.0011485907016322017,,,
50,16499,9.85855222097598e-05,0.001415644190274179,0.001317058689892292,,,
50,16523,,,,9.57749507506378e-05,0.0013525229878723621,0.0012567477533593774
51,16549,9.582136408425868e-05,0.001376264146529138,0.0012804428115487099,,,
51,16599,9.691429295344278e-05,0.0012354823993518949,0.0011385681573301554,,,
51,16649,9.565350774209946e-05,0.001226008520461619,0.0011303550563752651,,,
51,16699,9.686750127002597e-05,0.0012392753269523382,0.0011424078838899732,,,
51,16749,9.490438969805837e-05,0.0012291406746953726,0.0011342363432049751,,,
51,16799,9.689986472949386e-05,0.0012975460849702358,0.0012006462784484029,,,
51,16847,,,,9.68386375461705e-05,0.0012930381344631314,0.0011961993295699358
52,16849,9.552305709803477e-05,0.0013305514585226774,0.0012350283795967698,,,
52,16899,9.583048085914925e-05,0.001198829966597259,0.0011029994348064065,,,
52,16949,9.803624561754987e-05,0.0012028607307001948,0.0011048244778066874,,,
52,16999,9.705587581265718e-05,0.001673687482252717,0.0015766315627843142,,,
52,17049,9.560838952893391e-05,0.0012414755765348673,0.0011458671651780605,,,
52,17099,9.72036796156317e-05,0.0012501419987529516,0.0011529383482411504,,,
52,17149,9.7578827990219e-05,0.0013647122541442513,0.001267133397050202,,,
52,17171,,,,9.552796109346673e-05,0.0016575478948652744,0.00156201992649585
53,17199,9.63870988925919e-05,0.0014139747945591807,0.0013175876811146736,,,
53,17249,9.461132140131667e-05,0.0012849500635638833,0.0011903387494385242,,,
53,17299,9.899299766402692e-05,0.001705620437860489,0.0016066274838522077,,,
53,17349,9.715068154036999e-05,0.0012950042728334665,0.0011978535912930965,,,
53,17399,9.659524948801845e-05,0.0012358343228697777,0.001139239058829844,,,
53,17449,9.641053475206718e-05,0.0013094334863126278,0.0012130229733884335,,,
53,17495,,,,9.582718485035002e-05,0.001286640064790845,0.0011908129090443254
54,17499,9.730666351970285e-05,0.0013385576894506812,0.0012412510113790631,,,
54,17549,9.69988395809196e-05,0.0012717102654278278,0.0011747113894671202,,,
54,17599,9.519910963717848e-05,0.001468643662519753,0.0013734445674344897,,,
54,17649,9.87605017144233e-05,0.0011821098159998655,0.0010833493433892727,,,
54,17699,9.848886838881299e-05,0.0013191398466005921,0.0012206509709358215,,,
54,17749,9.870950452750549e-05,0.001170884701423347,0.0010721752187237144,,,
54,17799,9.613086876925081e-05,0.0014305200893431902,0.0013343892060220242,,,
54,17819,,,,9.662628872320056e-05,0.0012342088157311082,0.0011375825852155685
55,17849,9.829536429606378e-05,0.0012314285850152373,0.001133133191615343,,,
55,17899,9.742439578985795e-05,0.0012041452573612332,0.0011067208833992481,,,
55,17949,9.943541954271495e-05,0.001291742897592485,0.0011923074489459395,,,
55,17999,9.559072350384668e-05,0.0012544378405436873,0.0011588471243157983,,,
55,18049,9.620690252631903e-05,0.0012510750675573945,0.0011548681650310755,,,
55,18099,9.711818711366504e-05,0.0012335190549492836,0.0011364008532837033,,,
55,18143,,,,9.614440205041319e-05,0.0012045567855238914,0.0011084125144407153
56,18149,9.513199620414525e-05,0.0012038858840242028,0.0011087538441643119,,,
56,18199,9.689747093943879e-05,0.0011881636455655098,0.0010912661673501134,,,
56,18249,9.76037626969628e-05,0.001181320403702557,0.0010837166337296367,,,
56,18299,9.563924686517566e-05,0.0010995165212079883,0.0010038772597908974,,,
56,18349,9.9394608696457e-05,0.0012798598036170006,0.0011804652167484164,,,
56,18399,9.68038584687747e-05,0.0012104259803891182,0.0011136221000924706,,,
56,18449,9.609061089577153e-05,0.0012462387094274163,0.0011501481058076024,,,
56,18467,,,,9.796216909307986e-05,0.0012611312558874488,0.0011631689267233014
57,18499,9.683662210591137e-05,0.001263349549844861,0.0011665129568427801,,,
57,18549,9.878972196020186e-05,0.0011290529510006309,0.0010302632581442595,,,
57,18599,9.875195246422663e-05,0.0012053233804181218,0.0011065714061260223,,,
57,18649,9.820264676818624e-05,0.0014084065333008766,0.0013102039229124784,,,
57,18699,9.581264748703688e-05,0.0011292197741568089,0.0010334071703255177,,,
57,18749,9.590765694156289e-05,0.0012885741889476776,0.0011926665902137756,,,
57,18791,,,,9.784428402781487e-05,0.0011726663215085864,0.0010748220374807715
58,18799,9.816064266487956e-05,0.001208536559715867,0.0011103758588433266,,,
58,18849,9.615344606572762e-05,0.001188662019558251,0.0010925085516646504,,,
58,18899,9.658763883635402e-05,0.0014084379654377699,0.001311850268393755,,,
58,18949,0.00010012203711085021,0.001173029188066721,0.0010729071218520403,,,
58,18999,9.515746933175251e-05,0.0011871438473463058,0.0010919864289462566,,,
58,19049,9.576322190696374e-05,0.0012532295659184456,0.001157466322183609,,,
58,19099,9.686413977760822e-05,0.001199283404275775,0.001102419220842421,,,
58,19115,,,,9.811086056288332e-05,0.001269637607038021,0.0011715268483385444
59,19149,9.496070560999215e-05,0.00132377992849797,0.0012288192519918084,,,
59,19199,9.690225851954892e-05,0.001137629384174943,0.0010407271329313517,,,
59,19249,9.710848826216534e-05,0.0011423700489103794,0.0010452615097165108,,,
59,19299,9.851523645920679e-05,0.0011808836134150624,0.001082368427887559,,,
59,19349,9.735480125527829e-05,0.0012554929126054049,0.0011581381550058722,,,
59,19399,9.503473120275885e-05,0.0011776047758758068,0.0010825700592249632,,,
59,19439,,,,9.868248162092641e-05,0.0013280492275953293,0.0012293667532503605
60,19449,9.807522292248905e-05,0.0010879853507503867,0.0009899100987240672,,,
60,19499,9.729302109917626e-05,0.001220689038746059,0.0011233959812670946,,,
60,19549,9.704884723760188e-05,0.001180328312329948,0.0010832794941961765,,,
60,19599,9.751202014740556e-05,0.001328426063992083,0.0012309140292927623,,,
60,19649,9.907693311106414e-05,0.0011406996054574847,0.0010416227160021663,,,
60,19699,9.556146687828004e-05,0.0013109297724440694,0.0012153682764619589,,,
60,19749,9.63574493653141e-05,0.0013114705216139555,0.0012151130940765142,,,
60,19763,,,,9.704825060907751e-05,0.0012062290916219354,0.0011091807391494513
61,19799,9.754938946571201e-05,0.0010893509024754167,0.0009918014984577894,,,
61,19849,9.842148574534804e-05,0.00138084776699543,0.0012824262958019972,,,
61,19899,9.742623660713434e-05,0.0011782686924561858,0.0010808424558490515,,,
61,19949,9.817085810936987e-05,0.001231711357831955,0.0011335405288264155,,,
61,19999,9.692298772279173e-05,0.0012948911171406507,0.0011979681439697742,,,
61,20049,0.00010022595233749598,0.001133969402872026,0.0010337434941902757,,,
61,20087,,,,9.729774319566786e-05,0.0012202627258375287,0.001122965244576335
62,20099,9.80328259174712e-05,0.001369986217468977,0.0012719533406198025,,,
62,20149,9.797405800782144e-05,0.0012016858672723174,0.0011037117801606655,,,
62,20199,9.763026173459366e-05,0.0011227690847590566,0.0010251387720927596,,,
62,20249,9.994066203944385e-05,0.0011958001414313912,0.001095859450288117,,,
62,20299,9.814647637540475e-05,0.0013657192466780543,0.0012675727484747767,,,
62,20349,9.70869223237969e-05,0.0014273597626015544,0.0013302728766575456,,,
62,20399,9.644682722864673e-05,0.0011664422927424312,0.0010699954582378268,,,
62,20411,,,,9.811730706132948e-05,0.0011833511525765061,0.0010852338746190071
63,20449,9.698846406536177e-05,0.001046859542839229,0.000949871027842164,,,
63,20499,9.709998994367197e-05,0.0011988115729764104,0.0011017115321010351,,,
63,20549,9.678382775746286e-05,0.0011343394871801138,0.0010375556303188205,,,
63,20599,9.94271322269924e-05,0.0011375050526112318,0.001038077869452536,,,
63,20649,9.615753515390679e-05,0.0012287168065086007,0.0011325592640787363,,,
63,20699,0.00010049808770418167,0.0011793080484494567,0.001078809960745275,,,
63,20735,,,,9.574601426720619e-05,0.0011674845591187477,0.0010717384284362197
64,20749,9.724911069497466e-05,0.0011572802904993296,0.0010600312380120158,,,
64,20799,9.763251728145406e-05,0.0012327051954343915,0.0011350726708769798,,,
64,20849,9.53355774981901e-05,0.0012214271118864417,0.0011260915780439973,,,
64,20899,9.956869325833395e-05,0.0011896740179508924,0.0010901052737608552,,,
64,20949,9.734643390402198e-05,0.0011774939484894276,0.0010801474563777447,,,
64,20999,9.805858280742541e-05,0.0012032296508550644,0.0011051710462197661,,,
64,21049,9.810155461309478e-05,0.0011911041801795363,0.001093002618290484,,,
64,21059,,,,9.87545499810949e-05,0.0012339740060269833,0.0011352193541824818
65,21099,9.615560702513903e-05,0.0010743369348347187,0.0009781813714653254,,,
65,21149,9.620184573577717e-05,0.001160237705335021,0.0010640358086675406,,,
65,21199,9.719053196022287e-05,0.0011625507613644004,0.0010653602657839656,,,
65,21249,9.688243881100789e-05,0.0011188823264092207,0.00102199986577034,,,
65,21299,9.961320029105991e-05,0.0010939677013084292,0.000994354486465454,,,
65,21349,9.821204730542377e-05,0.0011845031986013055,0.0010862911585718393,,,
65,21383,,,,9.775255603017285e-05,0.0011950460029765964,0.0010972933378070593
66,21399,9.943800250766799e-05,0.0010882231872528791,0.0009887851774692535,,,
66,21449,9.872678492683917e-05,0.0011408384889364243,0.0010421116603538394,,,
66,21499,9.824027074500918e-05,0.0010951997246593237,0.0009969593957066536,,,
66,21549,9.943911572918296e-05,0.001101484289392829,0.001002045231871307,,,
66,21599,9.661714284447953e-05,0.0011123416479676962,0.001015724497847259,,,
66,21649,9.726357529871166e-05,0.001109720440581441,0.0010124568361788988,,,
66,21699,9.595570736564696e-05,0.0010683025466278195,0.0009723468101583421,,,
66,21707,,,,9.791160118766129e-05,0.0011477535590529442,0.0010498419869691133
67,21749,9.905363549478352e-05,0.0011163103627040982,0.0010172567563131452,,,
67,21799,9.740590758156031e-05,0.0011994956294074655,0.0011020897654816508,,,
67,21849,9.90785556496121e-05,0.0012784760911017656,0.0011793975718319416,,,
67,21899,9.86522645689547e-05,0.0013371109962463379,0.001238458789885044,,,
67,21949,9.886755287880078e-05,0.0013398792361840606,0.001241011661477387,,,
67,21999,9.840534039540216e-05,0.0011931423796340823,0.0010947370901703835,,,
67,22031,,,,9.774341742740944e-05,0.001158493454568088,0.0010607498697936535
68,22049,9.647392289480194e-05,0.0013091271976009011,0.0012126532383263111,,,
68,22099,9.968788072001189e-05,0.0012580230832099915,0.0011583352461457253,,,
68,22149,0.00010164188279304653,0.0011473119957372546,0.0010456701274961233,,,
68,22199,9.836348181124777e-05,0.0011190667282789946,0.0010207032319158316,,,
68,22249,9.832171781454235e-05,0.0010466898093000054,0.0009483681060373783,,,
68,22299,9.995103755500168e-05,0.0014054308412596583,0.0013054797891527414,,,
68,22349,9.716795466374606e-05,0.0010752136586233974,0.000978045747615397,,,
68,22355,,,,9.704985859571025e-05,0.0010829365346580744,0.0009858866687864065
69,22399,0.00010107753041666001,0.0012974077835679054,0.001196330296806991,,,
69,22449,9.717830835143104e-05,0.0010598330991342664,0.0009626548271626234,,,
69,22499,9.857584518613294e-05,0.0012839712435379624,0.0011853954056277871,,,
69,22549,9.930833766702563e-05,0.0011372386943548918,0.0010379303712397814,,,
69,22599,9.896269330056384e-05,0.001105734845623374,0.0010067721595987678,,,
69,22649,9.688916179584339e-05,0.0013063432415947318,0.0012094540288671851,,,
69,22679,,,,9.891064109979197e-05,0.0013202131958678365,0.0012213025474920869
70,22699,9.923870675265789e-05,0.0010735280811786652,0.0009742894326336682,,,
70,22749,9.806722664507106e-05,0.001112110447138548,0.0010140432277694345,,,
70,22799,9.92159330053255e-05,0.0010717569384723902,0.0009725409909151495,,,
70,22849,9.620677883503959e-05,0.0010908994590863585,0.0009946926729753613,,,
70,22899,9.486502676736563e-05,0.0009990078397095203,0.0009041428565979004,,,
70,22949,0.00010026268864749,0.0011436823988333344,0.0010434197029098868,,,
70,22999,9.724145638756454e-05,0.0010057061444967985,0.0009084646590054035,,,
70,23003,,,,9.754807251738384e-05,0.0011228546500205994,0.0010253067594021559
71,23049,9.691180457593873e-05,0.0012035489780828357,0.0011066371807828546,,,
71,23099,9.908185165841132e-05,0.001057159504853189,0.0009580776677466929,,,
71,23149,9.918760770233348e-05,0.0012016119435429573,0.0011024243431165814,,,
71,23199,9.816555393626913e-05,0.0010736070107668638,0.0009754414204508066,,,
71,23249,9.779867832548916e-05,0.0010532572632655501,0.0009554585558362305,,,
71,23299,9.512813994660974e-05,0.0011684154160320759,0.0010732872178778052,,,
71,23327,,,,9.638133633416146e-05,0.0011517980601638556,0.001055416651070118
72,23349,0.0001002122662612237,0.0011907881125807762,0.0010905758244916797,,,
72,23399,9.878890705294907e-05,0.0011870739981532097,0.001088285120204091,,,
72,23449,9.667667472967878e-05,0.0015146638033911586,0.0014179871650412679,,,
72,23499,9.809418406803161e-05,0.0011432988103479147,0.0010452045826241374,,,
72,23549,9.750881872605532e-05,0.0011336125899106264,0.0010361038148403168,,,
72,23599,9.908202628139406e-05,0.0012029760982841253,0.0011038940865546465,,,
72,23649,9.756198414834216e-05,0.0011527922470122576,0.001055230270139873,,,
72,23651,,,,9.740913810674101e-05,0.0011552462819963694,0.0010578370420262218
73,23699,9.665630932431668e-05,0.0011165139731019735,0.0010198577074334025,,,
73,23749,9.866613982012495e-05,0.0010548504069447517,0.0009561842307448387,,,
73,23799,0.00010009803372668102,0.0010930325370281935,0.0009929344523698092,,,
73,23849,0.00010151016613235697,0.001186672830954194,0.001085162628442049,,,
73,23899,9.772314660949633e-05,0.0011291722767055035,0.0010314491810277104,,,
73,23949,9.958733426174149e-05,0.001168613089248538,0.0010690257186070085,,,
73,23975,,,,9.926211350830272e-05,0.001135683385655284,0.0010364212794229388
74,23999,9.745650459080935e-05,0.0012354792561382055,0.0011380227515473962,,,
74,24049,9.949810191756114e-05,0.001203979947604239,0.0011044818675145507,,,
74,24099,9.639934432925656e-05,0.0014002752723172307,0.0013038759352639318,,,
74,24149,9.935138950822875e-05,0.0009972291300073266,0.0008978777914308012,,,
74,24199,9.756896179169416e-05,0.0013633295893669128,0.0012657606275752187,,,
74,24249,9.735581261338666e-05,0.0010025936644524336,0.0009052378591150045,,,
74,24299,9.898655844153836e-05,0.0014159355778247118,0.001316949026659131,,,
74,24299,,,,9.728699660627171e-05,0.0011739205801859498,0.0010766335763037205
75,24349,9.82484343694523e-05,0.0010527789127081633,0.0009545304928906262,,,
75,24399,9.78303505689837e-05,0.0010351525852456689,0.0009373222710564733,,,
75,24449,0.00010008695971919224,0.001067854929715395,0.0009677679627202451,,,
75,24499,0.00010065703099826351,0.001154731260612607,0.0010540742659941316,,,
75,24549,9.826518362388015e-05,0.0010281666181981564,0.0009299013763666153,,,
75,24599,9.902717283694074e-05,0.0011001991806551814,0.001001172000542283,,,
75,24623,,,,9.729064186103642e-05,0.0011282520135864615,0.0010309612844139338
76,24649,0.00010141218808712438,0.0012456176336854696,0.0011442054528743029,,,
76,24699,9.903773025143892e-05,0.0010863159550353885,0.0009872781811282039,,,
76,24749,9.957956353900954e-05,0.00104996666777879,0.0009503870969638228,,,
76,24799,9.678259084466845e-05,0.0013221792178228498,0.0012253966415300965,,,
76,24849,9.739321103552356e-05,0.001175982179120183,0.0010785890044644475,,,
76,24899,9.989163663703948e-05,0.0009676453191787004,0.0008677536970935762,,,
76,24947,,,,9.990485705202445e-05,0.0010736852418631315,0.0009737804648466408
77,24949,9.939976735040545e-05,0.0011400815565139055,0.001040681847371161,,,
77,24999,9.920280717778951e-05,0.0011042022379115224,0.0010049993870779872,,,
77,25049,9.803295688470826e-05,0.0013517967890948057,0.0012537637958303094,,,
77,25099,9.65144281508401e-05,0.0011274360585957766,0.0010309215867891908,,,
77,25149,9.72427151282318e-05,0.0011913387570530176,0.0010940959909930825,,,
77,25199,9.790522017283365e-05,0.000983970589004457,0.0008860653615556657,,,
77,25249,9.796932863537222e-05,0.0010554622858762741,0.0009574929717928171,,,
77,25271,,,,9.828387555899099e-05,0.0010728116612881422,0.0009745277347974479
78,25299,0.00010152330651180819,0.0010837945155799389,0.0009822711581364274,,,
78,25349,9.607768879504874e-05,0.0009598772157914937,0.0008637995342724025,,,
78,25399,9.817854152061045e-05,0.001053676358424127,0.0009554978460073471,,,
78,25449,9.884841711027548e-05,0.001005590776912868,0.0009067423525266349,,,
78,25499,9.781220433069393e-05,0.001135337515734136,0.0010375253623351455,,,
78,25549,9.692205640021712e-05,0.0009556298027746379,0.000858707760926336,,,
78,25595,,,,9.549133392283693e-05,0.0011142957955598831,0.0010188044980168343
79,25599,9.833278454607353e-05,0.0010837794980034232,0.0009854467352852225,,,
79,25649,9.588084503775463e-05,0.0009812150383368134,0.0008853341569192708,,,
79,25699,0.00010140713129658252,0.0010155636118724942,0.000914156436920166,,,
79,25749,0.00010080485662911087,0.0011500362306833267,0.001049231388606131,,,
79,25799,9.75367147475481e-05,0.0010503613157197833,0.0009528246009722352,,,
79,25849,9.410831989953294e-05,0.0009865700267255306,0.0008924616849981248,,,
79,25899,9.693089668871835e-05,0.0011169381905347109,0.0010200073011219501,,,
79,25919,,,,9.866914479061961e-05,0.0010711350478231907,0.0009724656702019274
80,25949,9.875641262624413e-05,0.001104143913835287,0.0010053875157609582,,,
80,25999,9.838169353315607e-05,0.000980195589363575,0.000881813932210207,,,
80,26049,0.00010135562479263172,0.001076546497642994,0.000975190894678235,,,
80,26099,9.855542884906754e-05,0.0010240310803055763,0.0009254756732843816,,,
80,26149,0.00010001226473832503,0.0010120486840605736,0.0009120363974943757,,,
80,26199,0.00010094822209794074,0.0010491636348888278,0.0009482154273428023,,,
80,26243,,,,9.860170393949375e-05,0.0011212732642889023,0.0010226716985926032
81,26249,9.983359632315114e-05,0.001008954830467701,0.0009091211832128465,,,
81,26299,0.00010128131543751806,0.001098903245292604,0.0009976219153031707,,,
81,26349,9.928252984536812e-05,0.0010161034297198057,0.00091682089259848,,,
81,26399,9.822237916523591e-05,0.0010293306550011039,0.000931108312215656,,,
81,26449,0.00010091660806210712,0.0011566757457330823,0.0010557591449469328,,,
81,26499,9.581700578564778e-05,0.0010972125455737114,0.0010013955179601908,,,
81,26549,9.877878619590774e-05,0.0009600026533007622,0.0008612238452769816,,,
81,26567,,,,9.924377809511498e-05,0.00108609430026263,0.0009868503548204899
82,26599,9.94646834442392e-05,0.0011509386822581291,0.0010514740133658051,,,
82,26649,0.00010175688657909632,0.0009816327365115285,0.0008798758499324322,,,
82,26699,9.980936738429591e-05,0.0009625803795643151,0.0008627710049040616,,,
82,26749,0.00010083960660267621,0.000966951425652951,0.00086611183360219,,,
82,26799,9.876914555206895e-05,0.0010542795062065125,0.0009555103606544435,,,
82,26849,9.950331877917051e-05,0.0010144298430532217,0.0009149265824817121,,,
82,26891,,,,9.737290383782238e-05,0.0010242214193567634,0.0009268486173823476
83,26899,9.857309487415478e-05,0.0010473700240254402,0.0009487969218753278,,,
83,26949,0.00010101640509674326,0.0011095467489212751,0.00100853038020432,,,
83,26999,9.795535152079538e-05,0.0009980399627238512,0.0009000845602713525,,,
83,27049,9.932845568982884e-05,0.001055304310284555,0.0009559758473187685,,,
83,27099,9.618465992389247e-05,0.0010044167283922434,0.0009082320611923933,,,
83,27149,9.826067980611697e-05,0.0009959512390196323,0.0008976905373856425,,,
83,27199,9.544185013510287e-05,0.0010330496588721871,0.0009376077796332538,,,
83,27215,,,,9.952732943929732e-05,0.001102169742807746,0.0010026420932263136
84,27249,0.00010017859312938526,0.000992682995274663,0.0008925044094212353,,,
84,27299,9.492727258475497e-05,0.0010522713419049978,0.0009573440765962005,,,
84,27349,9.624333324609324e-05,0.0010152047034353018,0.0009189614211209118,,,
84,27399,0.0001018589609884657,0.0009991014376282692,0.0008972424548119307,,,
84,27449,9.80368786258623e-05,0.0009657842456363142,0.0008677473524585366,,,
84,27499,0.00010142179962713271,0.0010105610126629472,0.0009091392275877297,,,
84,27539,,,,9.895611583488062e-05,0.001092528342269361,0.000993572175502777
85,27549,0.00010003787610912696,0.0010725884931162,0.0009725505951792002,,,
85,27599,9.91204651654698e-05,0.0009821138810366392,0.0008829934522509575,,,
85,27649,0.00010108089190907776,0.001014949637465179,0.0009138687164522707,,,
85,27699,9.886437328532338e-05,0.001066733617335558,0.0009678693022578955,,,
85,27749,0.00010052380821434781,0.0010005144868046045,0.00089999072952196,,,
85,27799,9.930010128300637e-05,0.0010186490835621953,0.0009193490259349346,,,
85,27849,9.75001385086216e-05,0.0009911879897117615,0.000893687829375267,,,
85,27863,,,,9.933455294230953e-05,0.0010968403657898307,0.0009975058492273092
86,27899,9.68916283454746e-05,0.0010494031012058258,0.0009525115019641817,,,
86,27949,9.987063094740734e-05,0.0010633142665028572,0.0009634436573833227,,,
86,27999,9.804681758396327e-05,0.001267964718863368,0.0011699178721755743,,,
86,28049,0.00010109503637067974,0.0010091933654621243,0.0009080983581952751,,,
86,28099,9.677383786765859e-05,0.0010632644407451153,0.0009664905956014991,,,
86,28149,9.832888463279232e-05,0.0009580037440173328,0.0008596748812124133,,,
86,28187,,,,9.742849942995235e-05,0.0010852616978809237,0.0009878331329673529
87,28199,9.922661411110312e-05,0.0011283435160294175,0.0010291169164702296,,,
87,28249,0.00010008774552261457,0.0009826364694163203,0.0008825486875139177,,,
87,28299,9.543486521579325e-05,0.0009992849081754684,0.0009038500720635056,,,
87,28349,9.476303966948763e-05,0.0010576803470030427,0.0009629172855056822,,,
87,28399,9.539871825836599e-05,0.0009512015385553241,0.0008558027911931276,,,
87,28449,0.00010079857020173222,0.0010087658884003758,0.0009079673327505589,,,
87,28499,0.00010220091644441709,0.0011047015432268381,0.0010025006486102939,,,
87,28511,,,,9.901588055072352e-05,0.0010336317354813218,0.0009346156730316579
88,28549,9.657847840571776e-05,0.0009424106101505458,0.0008458321099169552,,,
88,28599,9.94135407381691e-05,0.0009924881160259247,0.0008930746116675436,,,
88,28649,9.549173410050571e-05,0.001047265250235796,0.0009517735452391207,,,
88,28699,9.830066846916452e-05,0.0009979675523936749,0.0008996669203042984,,,
88,28749,9.94814618024975e-05,0.0010675115045160055,0.0009680300718173385,,,
88,28799,9.766354196472093e-05,0.0009465420735068619,0.0008488785242661834,,,
88,28835,,,,9.837889956543222e-05,0.0010053253499791026,0.0009069464285857975
89,28849,9.851813956629485e-05,0.0009317715303041041,0.000833253376185894,,,
89,28899,9.835825039772317e-05,0.0010121372761204839,0.0009137790184468031,,,
89,28949,0.00010105453111464158,0.0009716236963868141,0.0008705691434442997,,,
89,28999,0.00010106596892001107,0.0010493909940123558,0.0009483250323683023,,,
89,29049,9.72543130046688e-05,0.0009998924797400832,0.0009026381885632873,,,
89,29099,0.00010038435721071437,0.0010343716712668538,0.0009339872631244361,,,
89,29149,9.821826097322628e-05,0.0011960306437686086,0.0010978124337270856,,,
89,29159,,,,9.970740939024836e-05,0.001136620994657278,0.001036913599818945
90,29199,9.863641753327101e-05,0.0010346765629947186,0.0009360401309095323,,,
90,29249,0.0001028137921821326,0.0010462100617587566,0.0009433962986804545,,,
90,29299,0.00010042847861768678,0.000949240056797862,0.0008488115854561329,,,
90,29349,9.976518776966259e-05,0.0009918819414451718,0.0008921167463995516,,,
90,29399,9.811367635848e-05,0.0010044260416179895,0.0009063123725354671,,,
90,29449,0.0001024154043989256,0.0009873793460428715,0.0008849638979882002,,,
90,29483,,,,9.840413258643821e-05,0.00112732604611665,0.0010289220372214913
91,29499,9.799398685572669e-05,0.0010403834749013186,0.0009423895389772952,,,
91,29549,9.688493446446955e-05,0.0009225577814504504,0.0008256728760898113,,,
91,29599,9.683109965408221e-05,0.000991037581115961,0.0008942065178416669,,,
91,29649,9.925048652803525e-05,0.001008025836199522,0.0009087753714993596,,,
91,29699,0.00010098768689204007,0.001092334627173841,0.0009913468966260552,,,
91,29749,0.00010029128316091374,0.0009267102577723563,0.0008264189818874002,,,
91,29799,0.00010248791659250855,0.0010865814983844757,0.000984093639999628,,,
91,29807,,,,9.691141167422757e-05,0.0010276192333549261,0.0009307076106779277
92,29849,0.00010233603097731248,0.001089329132810235,0.0009869930800050497,,,
92,29899,9.655277244746685e-05,0.0009850396309047937,0.0008884869166649878,,,
92,29949,9.94856673059985e-05,0.0010258039692416787,0.000926318287383765,,,
92,29999,9.932350076269358e-05,0.0009352328488603234,0.0008359093335457146,,,
92,30049,9.811708878260106e-05,0.0010640311520546675,0.0009659141069278121,,,
92,30099,9.661290096119046e-05,0.0009600328630767763,0.0008634199621155858,,,
92,30131,,,,9.886628686217591e-05,0.0010185561841353774,0.0009196900064125657
93,30149,9.855302778305486e-05,0.0010760534787550569,0.0009775004582479596,,,
93,30199,9.832337673287839e-05,0.0009303441038355231,0.0008320207125507295,,,
93,30249,9.649102139519528e-05,0.000979489297606051,0.0008829982252791524,,,
93,30299,9.924665937433019e-05,0.0009108791709877551,0.000811632489785552,,,
93,30349,0.00010503581870580092,0.0009685702971182764,0.0008635344565846026,,,
93,30399,9.95327063719742e-05,0.0009629759006202221,0.0008634431869722903,,,
93,30449,9.743186819832772e-05,0.0008917279192246497,0.0007942960364744067,,,
93,30455,,,,9.760830289451405e-05,0.001039216760545969,0.0009416082175448537
94,30499,9.962671902030706e-05,0.0010686719324439764,0.0009690451552160084,,,
94,30549,0.00010067497350974008,0.0008836061460897326,0.000782931165304035,,,
94,30599,9.837401012191549e-05,0.0009779558749869466,0.0008795819012448192,,,
94,30649,9.825346933212131e-05,0.0009413753869011998,0.0008431219030171633,,,
94,30699,9.89525651675649e-05,0.0010101300431415439,0.0009111774270422757,,,
94,30749,9.941322059603408e-05,0.0009785837028175592,0.0008791704894974828,,,
94,30779,,,,0.00010017378372140229,0.0010302119189873338,0.0009300382225774229
95,30799,9.942093311110511e-05,0.0009674210450612009,0.0008680000901222229,,,
95,30849,9.689054422779009e-05,0.0009239654755219817,0.000827074924018234,,,
95,30899,9.795650112209842e-05,0.000967525178566575,0.000869568670168519,,,
95,30949,9.977259469451383e-05,0.0009392064530402422,0.000839433865621686,,,
95,30999,9.900332224788144e-05,0.0009525720961391926,0.0008535687811672688,,,
95,31049,0.00010005106014432386,0.0009289358276873827,0.0008288847748190165,,,
95,31099,0.00010166144784307107,0.0009698453359305859,0.0008681839099153876,,,
95,31103,,,,0.00010010215919464827,0.0010995467891916633,0.000999444629997015
96,31149,9.881104051601142e-05,0.001029941369779408,0.0009311303729191422,,,
96,31199,0.0001019780247588642,0.0009832287905737758,0.0008812507148832083,,,
96,31249,9.686583507573232e-05,0.0009591080597601831,0.0008622422465123236,,,
96,31299,9.88892643363215e-05,0.000923999585211277,0.0008251102990470827,,,
96,31349,9.831082570599392e-05,0.0010010604746639729,0.0009027495980262756,,,
96,31399,9.980836330214515e-05,0.0010678524849936366,0.0009680441580712795,,,
96,31427,,,,0.00010012456914409995,0.001037045381963253,0.0009369206964038312
97,31449,9.795424557523802e-05,0.0009806554298847914,0.0008827011333778501,,,
97,31499,0.00010327700147172436,0.0010344061302021146,0.0009311291505582631,,,
97,31549,9.979405149351805e-05,0.0009329828317277133,0.0008331887656822801,,,
97,31599,9.90872795227915e-05,0.0009933897526934743,0.0008943024440668523,,,
97,31649,0.00010032790305558592,0.0009507798822596669,0.0008504519937559962,,,
97,31699,9.728090662974864e-05,0.0009665278485044837,0.0008692469564266503,,,
97,31749,9.805738955037668e-05,0.0009320826502516866,0.0008340252679772675,,,
97,31751,,,,9.940012387232855e-05,0.0009916543494910002,0.0008922541164793074
98,31799,0.00010299419955117628,0.0010599324014037848,0.0009569382527843118,,,
98,31849,9.92497953120619e-05,0.0009124502539634705,0.0008132004295475781,,,
98,31899,9.653235611040145e-05,0.0010133981704711914,0.0009168657707050443,,,
98,31949,9.756255167303607e-05,0.001082015922293067,0.0009844533633440733,,,
98,31999,0.00010093089076690376,0.0009230778086930513,0.000822146947029978,,,
98,32049,9.767945448402315e-05,0.0009244841639883816,0.0008268047240562737,,,
98,32075,,,,9.758032683748752e-05,0.0009951347019523382,0.0008975545642897487
99,32099,0.00010131518502021208,0.0009156512096524239,0.0008143360028043389,,,
99,32149,9.918863361235708e-05,0.0009752429323270917,0.0008760542841628194,,,
99,32199,9.90149419521913e-05,0.0009493074030615389,0.0008502924465574324,,,
99,32249,9.900164150167257e-05,0.0009416072280146182,0.0008426056010648608,,,
99,32299,9.807715832721442e-05,0.0009594272123649716,0.000861350039485842,,,
99,32349,9.948912338586524e-05,0.0009186238748952746,0.000819134758785367,,,
99,32399,9.840895654633641e-05,0.001246873987838626,0.0011484649730846286,,,
99,32399,,,,9.883070015348494e-05,0.0009703420801088214,0.0008715112344361842
100,32449,0.00010267447942169383,0.0008830554434098303,0.0007803809712640941,,,
100,32499,9.923317702487111e-05,0.0009546358487568796,0.0008554026717320085,,,
100,32549,0.00010093623131979257,0.00099711783695966,0.0008961815619841218,,,
100,32599,9.913776011671871e-05,0.0009863747982308269,0.0008872370235621929,,,
100,32649,0.00010081776417791843,0.000990389147773385,0.0008895713835954666,,,
100,32699,9.937088179867715e-05,0.0009758530650287867,0.0008764821686781943,,,
100,32723,,,,9.784706344362348e-05,0.0011924855643883348,0.001094638486392796
101,32749,0.00010126846609637141,0.0009216786129400134,0.000820410146843642,,,
101,32799,0.0001001823038677685,0.0009838524274528027,0.0008836701745167375,,,
101,32849,0.00010222856508335099,0.0009759572567418218,0.0008737287134863436,,,
101,32899,9.872846567304805e-05,0.0009126266813836992,0.0008138982229866087,,,
101,32949,9.938001312548295e-05,0.00097900559194386,0.0008796256151981652,,,
101,32999,9.831790521275252e-05,0.0009574148571118712,0.0008590969373472035,,,
101,33047,,,,9.854250674834475e-05,0.0009995477739721537,0.0009010054054670036
102,33049,9.787912131287158e-05,0.0009561304468661547,0.0008582513546571136,,,
102,33099,9.647155820857733e-05,0.000881935644429177,0.0007854640716686845,,,
102,33149,9.999842586694285e-05,0.0009169031982310116,0.0008169047650881112,,,
102,33199,9.85271399258636e-05,0.000905869877897203,0.0008073427597992122,,,
102,33249,9.995465370593593e-05,0.00084113102639094,0.0007411763654090464,,,
102,33299,9.906052582664415e-05,0.000943667022511363,0.0008446064894087613,,,
102,33349,9.635178139433265e-05,0.0009124369826167822,0.0008160852012224495,,,
102,33371,,,,0.00010006131196860224,0.0010580765083432198,0.0009580151527188718
103,33399,9.892886009765789e-05,0.0009064197074621916,0.0008074908400885761,,,
103,33449,9.858388511929661e-05,0.0009257186320610344,0.0008271347614936531,,,
103,33499,0.00010102695523528382,0.0009934783447533846,0.0008924513822421432,,,
103,33549,0.00010051604476757348,0.0008651542011648417,0.0007646381855010986,,,
103,33599,0.00010033563012257218,0.0008705760119482875,0.0007702403818257153,,,
103,33649,9.877125557977706e-05,0.0008839626680128276,0.0007851914269849658,,,
103,33695,,,,9.785553993424401e-05,0.000993428286164999,0.0008955727098509669
104,33699,9.864305320661515e-05,0.0009052531677298248,0.0008066100999712944,,,
104,33749,9.751017205417156e-05,0.0008944320143200457,0.0007969218422658741,,,
104,33799,9.754036727827042e-05,0.0009554352727718651,0.0008578948909416795,,,
104,33849,9.903057798510417e-05,0.0009456124971620739,0.0008465819410048425,,,
104,33899,0.00010053830192191526,0.0009082515607587993,0.0008077132515609264,,,
104,33949,0.00010136122727999464,0.0009238707134500146,0.0008225094643421471,,,
104,33999,9.408565529156476e-05,0.0009221832151524723,0.0008280975744128227,,,
104,34019,,,,9.875650721369311e-05,0.0009534724522382021,0.0008547159377485514
105,34049,9.659038187237456e-05,0.0008857593638822436,0.0007891689892858267,,,
105,34099,9.779563697520643e-05,0.000935847987420857,0.0008380523649975657,,,
105,34149,9.82885030680336e-05,0.0009002384613268077,0.0008019499364309013,,,
105,34199,9.692626190371811e-05,0.000950417248532176,0.0008534909575246274,,,
105,34249,9.7993528470397e-05,0.0008909720927476883,0.0007929785642772913,,,
105,34299,0.00010101508087245747,0.0009208015399053693,0.0008197864517569542,,,
105,34343,,,,9.786617738427594e-05,0.000991131877526641,0.0008932655910030007
106,34349,9.806467278394848e-05,0.000905014225281775,0.0008069495670497417,,,
106,34399,9.891996887745336e-05,0.0009252767777070403,0.0008263568161055446,,,
106,34449,9.778235107660294e-05,0.000906866742298007,0.0008090843912214041,,,
106,34499,9.976850560633466e-05,0.0008448935113847256,0.0007451249985024333,,,
106,34549,0.00010051790741272271,0.0009856189135462046,0.0008851009770296514,,,
106,34599,0.00010169690358452499,0.000998321920633316,0.0008966250461526215,,,
106,34649,9.636179311200976e-05,0.0009324677521362901,0.0008361059590242803,,,
106,34667,,,,9.755447536008433e-05,0.0009747021249495447,0.000877147656865418
107,34699,9.700685041025281e-05,0.0009476434788666666,0.0008506366284564137,,,
107,34749,0.00010019839101005346,0.000918930396437645,0.0008187320199795067,,,
107,34799,9.831802162807435e-05,0.0009544528438709676,0.000856134807690978,,,
107,34849,9.85261649475433e-05,0.0008673237753100693,0.0007687975885346532,,,
107,34899,9.723509720060974e-05,0.0009410213679075241,0.0008437862852588296,,,
107,34949,0.00010421570186736062,0.0009814337827265263,0.0008772180881351233,,,
107,34991,,,,9.879483695840463e-05,0.001039588707499206,0.0009407938341610134
108,34999,9.721836977405474e-05,0.0009193418081849813,0.000822123431134969,,,
108,35049,0.00010270466736983508,0.0009694556356407702,0.0008667509537190199,,,
108,35099,0.0001007121245493181,0.0009511102689430118,0.0008503981516696513,,,
108,35149,9.763323032530025e-05,0.0009021449368447065,0.0008045117137953639,,,
108,35199,0.00010055203892989084,0.0008962243446148932,0.0007956722984090447,,,
108,35249,9.875672549242154e-05,0.000932907743845135,0.0008341509965248406,,,
108,35299,0.00010072508302982897,0.0008708415552973747,0.0007701164577156305,,,
108,35315,,,,9.818930993787944e-05,0.0009813006035983562,0.0008831112063489854
109,35349,0.00010017032036557794,0.0008849281002767384,0.0007847577799111605,,,
109,35399,9.708884317660704e-05,0.0009489500080235302,0.0008518611430190504,,,
109,35449,9.98044342850335e-05,0.0008945877780206501,0.0007947833510115743,,,
109,35499,0.0001001444979920052,0.0008353510056622326,0.0007352065294981003,,,
109,35549,9.790243348106742e-05,0.0009153704158961773,0.0008174679824151099,,,
109,35599,9.990556281991303e-05,0.0008971201023086905,0.000797214568592608,,,
109,35639,,,,9.959171438822523e-05,0.0009421827271580696,0.0008425908745266497
110,35649,9.842453437158838e-05,0.0010598896769806743,0.000961465178988874,,,
110,35699,9.883212624117732e-05,0.0008955757366493344,0.0007967436104081571,,,
110,35749,9.769130701897666e-05,0.0009203235968016088,0.0008226322825066745,,,
110,35799,0.00010069775453303009,0.0009372296626679599,0.0008365319226868451,,,
110,35849,0.00010150823800358921,0.0009000513819046319,0.0007985431584529579,,,
110,35899,0.00010075041791424155,0.000974977680016309,0.0008742272621020675,,,
110,35949,9.784206486074254e-05,0.0009033852838911116,0.0008055432117544115,,,
110,35963,,,,9.93997891782783e-05,0.0009851562790572643,0.0008857565117068589
111,35999,0.00010161976388189942,0.000818599306512624,0.0007169795571826398,,,
111,36049,0.00010241361451335251,0.0008883980335667729,0.00078598438994959,,,
111,36099,0.00010256608948111534,0.0009173508733510971,0.0008147847838699818,,,
111,36149,9.51182737480849e-05,0.0008749718545004725,0.0007798535516485572,,,
111,36199,0.0001025051751639694,0.000912249437533319,0.0008097442914731801,,,
111,36249,9.950135427061468e-05,0.0009349503088742495,0.00083544896915555,,,
111,36287,,,,0.00010052989819087088,0.0009791378397494555,0.0008786080288700759
112,36299,9.758360829437152e-05,0.0009148539393208921,0.0008172703091986477,,,
112,36349,9.617812611395493e-05,0.0009091263636946678,0.00081294821575284,,,
112,36399,9.832078649196774e-05,0.0008902721456252038,0.0007919513736851513,,,
112,36449,0.00010016606393037364,0.0009466958581469953,0.000846529786940664,,,
112,36499,0.0001011648346320726,0.0009134497377090156,0.0008122848812490702,,,
112,36549,9.580497135175392e-05,0.00087356026051566,0.0007777552818879485,,,
112,36599,0.00010108303831657395,0.0008642210159450769,0.0007631379994563758,,,
112,36611,,,,0.00010007234959630296,0.0009146227966994047,0.0008145504980348051
113,36649,9.987118392018601e-05,0.0009464367176406085,0.0008465655264444649,,,
113,36699,9.892242815112695e-05,0.000977961695753038,0.0008790392312221229,,,
113,36749,9.648915875004604e-05,0.0009273113100789487,0.0008308221586048603,,,
113,36799,9.458747081225738e-05,0.0009624150698073208,0.0008678276208229363,,,
113,36849,9.759434033185244e-05,0.0008286263910122216,0.0007310320506803691,,,
113,36899,0.00010301694419467822,0.0008932166965678334,0.0007901997305452824,,,
113,36935,,,,0.00010106114496011287,0.0009287074208259583,0.0008276461740024388
114,36949,9.933798719430342e-05,0.0009399513946846128,0.0008406133856624365,,,
114,36999,9.455638792132959e-05,0.0008912358316592872,0.0007966794655658305,,,
114,37049,9.979453170672059e-05,0.0009242842788808048,0.0008244897471740842,,,
114,37099,0.00010033031139755622,0.0008389873546548188,0.0007386570214293897,,,
114,37149,0.00010319839202566072,0.0009183670044876635,0.0008151686051860452,,,
114,37199,9.959978342521936e-05,0.0009244640241377056,0.0008248642552644014,,,
114,37249,0.00010137199569726363,0.0008997091790661216,0.0007983371615409851,,,
114,37259,,,,0.00010083207598654553,0.0008918407256715,0.0007910087006166577
115,37299,0.0001009455809253268,0.0009961373871192336,0.0008951918571256101,,,
115,37349,9.8031698144041e-05,0.000964064325671643,0.0008660326129756868,,,
115,37399,9.671961015556008e-05,0.0009040427976287901,0.0008073232020251453,,,
115,37449,9.659131319494918e-05,0.0008658558363094926,0.000769264530390501,,,
115,37499,0.00010324846516596153,0.0008828527061268687,0.0007796042482368648,,,
115,37549,0.0001022530923364684,0.0008941693231463432,0.0007919162162579596,,,
115,37583,,,,9.939929441316053e-05,0.0009699749643914402,0.0008705755462870002
116,37599,9.696942288428545e-05,0.0008919110987335443,0.0007949416758492589,,,
116,37649,0.00010174489580094814,0.0008594386745244265,0.0007576937787234783,,,
116,37699,0.00010226285667158663,0.0009660930372774601,0.000863830151502043,,,
116,37749,0.00010216076771030203,0.0008114881347864866,0.0007093273452483118,,,
116,37799,9.983251948142424e-05,0.000921351951546967,0.0008215194102376699,,,
116,37849,0.00010178640513913706,0.0008278300520032644,0.000726043654140085,,,
116,37899,9.669582505011931e-05,0.0008498042589053512,0.000753108412027359,,,
116,37907,,,,9.883046004688367e-05,0.0009620361379347742,0.0008632056997157633
117,37949,0.00010156760254176334,0.0008528804173693061,0.0007513128221035004,,,
117,37999,9.542956831865013e-05,0.0008603505557402968,0.0007649210165254772,,,
117,38049,0.00010244865552522242,0.0008882138645276427,0.0007857651798985898,,,
117,38099,9.752384357852861e-05,0.0009075652342289686,0.0008100413833744824,,,
117,38149,9.899243741529062e-05,0.0009061269811354578,0.0008071345509961247,,,
117,38199,0.00010221380944130942,0.0008324806112796068,0.0007302667945623398,,,
117,38231,,,,9.919370495481417e-05,0.0009713948238641024,0.0008722010534256697
118,38249,9.992522245738655e-05,0.0008807562408037484,0.000780831032898277,,,
118,38299,0.00010053248115582392,0.0009179108892567456,0.000817378400824964,,,
118,38349,9.702852548798546e-05,0.0008284677751362324,0.0007314392714761198,,,
118,38399,9.842451254371554e-05,0.0008901749388314784,0.000791750440839678,,,
118,38449,0.0001026270620059222,0.0008979395497590303,0.0007953125168569386,,,
118,38499,0.00010165123239858076,0.0009097507572732866,0.0008080995175987482,,,
118,38549,0.00010322806338081136,0.0009097856818698347,0.0008065575966611505,,,
118,38555,,,,9.988383681047708e-05,0.0009383201831951737,0.0008384364773519337
119,38599,9.893281094264239e-05,0.0009344955324195325,0.0008355627069249749,,,
119,38649,0.00010160973761230707,0.0008925474830903113,0.0007909377454780042,,,
119,38699,0.00010076951730297878,0.0009503098553977907,0.0008495403453707695,,,
119,38749,0.00010068024857901037,0.0008312995778396726,0.0007306193001568317,,,
119,38799,9.715578926261514e-05,0.0008538765250705183,0.0007567207212559879,,,
119,38849,9.696862252894789e-05,0.0008521343697793782,0.0007551657618023455,,,
119,38879,,,,9.800017141969875e-05,0.0009264277759939432,0.0008284276118502021
120,38899,9.841555583989248e-05,0.000922171922866255,0.0008237563888542354,,,
120,38949,0.00010063179797725752,0.0008688401430845261,0.0007682083523832262,,,
120,38999,9.928184590535238e-05,0.000909331429284066,0.0008100495906546712,,,
120,39049,9.857699478743598e-05,0.0009183993679471314,0.0008198223658837378,,,
120,39099,0.00010099852079292759,0.0008646843489259481,0.0007636858499608934,,,
120,39149,0.00010110039875144139,0.0008887257426977158,0.0007876253221184015,,,
120,39199,0.00010381481843069196,0.000888058973941952,0.00078424415551126,,,
120,39203,,,,0.00010009980906033888,0.0009236157638952136,0.0008235159330070019
121,39249,9.7213065600954e-05,0.0008885508868843317,0.0007913378067314625,,,
121,39299,9.826678433455527e-05,0.0008413125760853291,0.0007430457626469433,,,
121,39349,9.872883674688637e-05,0.0008635262493044138,0.000764797383453697,,,
121,39399,9.979794413084164e-05,0.0008833571337163448,0.0007835591677576303,,,
121,39449,0.00010070572898257524,0.0009247318375855684,0.0008240261231549084,,,
121,39499,0.0001013912697089836,0.0008883789996616542,0.0007869877154007554,,,
121,39527,,,,0.00010002077760873362,0.0009540566825307906,0.0008540356066077948
122,39549,0.0001022622236632742,0.0008819093927741051,0.000779647147282958,,,
122,39599,9.932766988640651e-05,0.0009507146896794438,0.0008513870416209102,,,
122,39649,9.832774958340451e-05,0.0009137632441706955,0.0008154354873113334,,,
122,39699,0.0001005563754006289,0.0008679741877131164,0.0007674178341403604,,,
122,39749,0.00010070562711916864,0.0008572633378207684,0.0007565577398054302,,,
122,39799,9.691651939647272e-05,0.0008536610985174775,0.0007567445863969624,,,
122,39849,9.801881242310628e-05,0.0008753168513067067,0.0007772980607114732,,,
122,39851,,,,0.00010119617218151689,0.0009898561984300613,0.0008886602590791881
123,39899,0.00010101091902470216,0.0008668703376315534,0.0007658594404347241,,,
123,39949,0.00010353747347835451,0.0009690040023997426,0.0008654665434733033,,,
123,39999,0.00010069365816889331,0.0008516599191352725,0.0007509662536904216,,,
123,40049,0.00010024188668467104,0.0008659058948978782,0.0007656639791093767,,,
123,40099,0.00010204708814853802,0.0008527371101081371,0.0007506900001317263,,,
123,40149,9.996676089940593e-05,0.0008279858739115298,0.0007280191057361662,,,
123,40175,,,,9.897643758449703e-05,0.0009122015908360481,0.0008132251095958054
124,40199,0.00010147862485609949,0.0008634672267362475,0.0007619885727763176,,,
124,40249,0.00010249726619804278,0.0008646219503134489,0.0007621246622875333,,,
124,40299,0.00010308434866601601,0.0008417583303526044,0.0007386739598587155,,,
124,40349,0.00010203094279859215,0.000798488559667021,0.0006964576314203441,,,
124,40399,9.665724792284891e-05,0.000911764451302588,0.0008151071961037815,,,
124,40449,0.00010561164526734501,0.0008551415521651506,0.0007495299214497209,,,
124,40499,0.00010277912952005863,0.0012370432959869504,0.0011342641664668918,,,
124,40499,,,,9.882781159831211e-05,0.0008818838396109641,0.0007830559043213725
